name,email,password
user1,user1@example.com,password
user2,user2@example.com,password
user3,user3@example.com,password
user4,user4@example.com,password
user5,user5@example.com,password
user6,user6@example.com,password
user7,user7@example.com,password
user8,user8@example.com,password
user9,user9@example.com,password
user10,user10@example.com,password
user11,user11@example.com,password
user12,user12@example.com,password
user13,user13@example.com,password
user14,user14@example.com,password
user15,user15@example.com,password
user16,user16@example.com,password
